<?xml version="1.0" encoding="utf-8"?>
<modification>
  <name>  OptimBlog - Шаблон YOGA</name>
  <code>optimblog-yoga</code>
  <version>3.1.0.1</version>
  <author>Dmitriy Khokhlov | optimlab.com</author>
  <link>https://optimcart.com</link>

  <!-- Information -->
  <file path="catalog/view/theme/yoga/template/information/information.twig">
      <operation error="skip">
        <search><![CDATA[{{ description }}]]></search>
        <add position="replace"><![CDATA[
      {% if not information_exclusion %}
      <ul class="list-inline text-muted">
        {% if show_date %}
        <li><i class="fa fa-calendar-o" aria-hidden="true"></i> {{ date_added }}</li>
        {% endif %}
        {% if show_author %}
        <li><i class="fa fa-user-o" aria-hidden="true"></i> {{ author }}</li>
        {% endif %}
        {% if manufacturer and show_manufacturer %}
        <li>{{ text_manufacturer }} <a href="{{ manufacturers }}">{{ manufacturer }}</a></li>
        {% endif %}
        {% if show_review %}
        <li><a href="" onclick="$('html, body').animate({ scrollTop: $('#review').offset().top }, 'slow'); return false;"><i class="fa fa-comment-o" aria-hidden="true"></i> {{ reviews }}</a></li>
        <li class="rating">{% for i in 1..5 %}
          {% if rating < i %}<span class="fa fa-stack"><i class="fa fa-star-o fa-stack-1x"></i></span>{% else %}<span class="fa fa-stack"><i class="fa fa-star fa-stack-1x"></i><i class="fa fa-star-o fa-stack-1x"></i></span>{% endif %}
          {% endfor %}</li>
        {% endif %}
      </ul>
      {% endif %}
      {% if thumb and not images %}
      <div class="images">
        <a class="thumbnail" href="{{ popup }}" title="{{ heading_title }}"><img src="{{ thumb }}" title="{{ heading_title }}" alt="{{ heading_title }}" class="img-responsive" /></a>
      </div>
      {% elseif not thumb and images|length == 1 %}
      <div class="images">
      {% for image in images %}
        <a class="thumbnail" href="{{ image.popup }}" title="{{ heading_title }}"> <img src="{{ image.thumb }}" title="{{ heading_title }}" alt="{{ heading_title }}" /></a>
      {% endfor %}
      </div>
      {% elseif images|length > 1 %}
      <div class="swiper-viewport">
        <div id="slideshow-information" class="swiper-container">
          <div class="swiper-wrapper images">
            {% if thumb %}
            <div class="swiper-slide text-center">
              <a href="{{ popup }}" title="{{ heading_title }}"><img src="{{ thumb }}" title="{{ heading_title }}" alt="{{ heading_title }}" class="img-responsive" /></a>
            </div>
            {% endif %}
            {% for image in images %}
            <div class="swiper-slide text-center">
              <a href="{{ image.popup }}" title="{{ heading_title }}"><img src="{{ image.thumb }}" title="{{ heading_title }}" alt="{{ heading_title }}" class="img-responsive" /></a>
            </div>
            {% endfor %}
          </div>
        </div>
        <div class="swiper-pagination slideshow-information"></div>
        <div class="swiper-pager">
          <div class="swiper-button-next"></div>
          <div class="swiper-button-prev"></div>
        </div>
      </div>
      <script type="text/javascript"><!--
      $('#slideshow-information').swiper({
      	mode: 'horizontal',
      	slidesPerView: 1,
      	pagination: '.slideshow-information',
      	paginationClickable: true,
      	nextButton: '.swiper-button-next',
      	prevButton: '.swiper-button-prev',
      	spaceBetween: 30,
      	autoplay: 5000,
      	autoplayDisableOnInteraction: true
      });
      --></script>
      {% endif %}
	  {{ description }}
      {% if attribute_groups %}
      <div id="specification">
        <h3>{{ text_attribute }}</h3>
        <table class="table table-bordered">
          {% for attribute_group in attribute_groups %}
          <thead>
            <tr>
              <td colspan="2"><strong>{{ attribute_group.name }}</strong></td>
            </tr>
          </thead>
          <tbody>
            {% for attribute in attribute_group.attribute %}
            <tr>
              <td>{{ attribute.name }}</td>
              <td>{{ attribute.text }}</td>
            </tr>
            {% endfor %}
          </tbody>
          {% endfor %}
        </table>
      </div>
      {% endif %}
      {% if show_review and not information_exclusion %}
      <h3>{{ text_review }}</h3>
      <div id="review"></div>
      {% endif %}
      {% if review_status and not information_exclusion %}
      <form class="form-horizontal" id="form-review">
        <h4>{{ text_write }}</h4>
        {% if review_guest %}
        <div class="form-group required">
          <div class="col-sm-12">
            <label class="control-label" for="input-name">{{ entry_name }}</label>
            <input type="text" name="name" value="{{ customer_name }}" id="input-name" class="form-control" />
          </div>
        </div>
        <div class="form-group required">
          <div class="col-sm-12">
            <label class="control-label" for="input-review">{{ entry_review }}</label>
            <textarea name="text" rows="5" id="input-review" class="form-control"></textarea>
            <div class="help-block">{{ text_note }}</div>
          </div>
        </div>
        <div class="form-group required">
          <div class="col-sm-12">
            <label class="control-label">{{ entry_rating }}</label>
            &nbsp;&nbsp;&nbsp; {{ entry_bad }}&nbsp;
            <input type="radio" name="rating" value="1" />
            &nbsp;
            <input type="radio" name="rating" value="2" />
            &nbsp;
            <input type="radio" name="rating" value="3" />
            &nbsp;
            <input type="radio" name="rating" value="4" />
            &nbsp;
            <input type="radio" name="rating" value="5" />
            &nbsp;{{ entry_good }}</div>
        </div>
        {{ captcha }}
        <div class="buttons clearfix">
          <div class="pull-right">
            <button type="button" id="button-review" data-loading-text="{{ text_loading }}" class="btn btn-primary">{{ button_continue }}</button>
          </div>
        </div>
        {% else %}
        {{ text_login }}
        {% endif %}
      </form>
      {% endif %}
      {% if tags %}
      <p>{{ text_tags }}
      {% for i in 0..tags|length %}
      {% if i < (tags|length - 1) %} <a href="{{ tags[i].href }}">{{ tags[i].tag }}</a>,
      {% else %} <a href="{{ tags[i].href }}">{{ tags[i].tag }}</a> {% endif %}
      {% endfor %} </p>
      {% endif %}
      <hr>
      {{ share }}

      {% if informations %}
      <h3>{{ text_related }}</h3>
      <div class="row"> {% set i = 0 %}
        {% for information in informations %}
        {% if column_left and column_right %}
        {% set class = 'col-xs-8 col-sm-6' %}
        {% elseif column_left or column_right %}
        {% set class = 'col-xs-6 col-md-4' %}
        {% else %}
        {% set class = 'col-xs-6 col-sm-3' %}
        {% endif %}
        <div class="{{ class }}">
          <div class="thumbnail">
            <div class="image"><a href="{{ information.href }}"><img src="{{ information.thumb }}" alt="{{ information.name }}" title="{{ information.name }}" class="img-responsive" /></a></div>
            <div class="caption">
              <h4><a href="{{ information.href }}">{{ information.title }}</a></h4>
              {% if show_related_author or show_related_date or show_related_review %}
              <ul class="list-inline text-muted small">
                {% if show_related_date %}
                <li><i class="fa fa-calendar-o" aria-hidden="true"></i> {{ information.date_added }}</li>
                {% endif %}
                {% if show_related_author %}
                <li><i class="fa fa-user-o" aria-hidden="true"></i> {{ information.author }}</li>
                {% endif %}
                {% if show_related_review %}
                <li><i class="fa fa-comment-o" aria-hidden="true"></i> {{ information.reviews }}</li>
                {% endif %}
                {% if information.rating %}
                <li class="rating"> {% for j in 1..5 %}
                  {% if information.rating < j %} <span class="fa fa-stack"><i class="fa fa-star-o fa-stack-1x"></i></span> {% else %} <span class="fa fa-stack"><i class="fa fa-star fa-stack-1x"></i><i class="fa fa-star-o fa-stack-1x"></i></span> {% endif %}
                  {% endfor %}</li>
                {% endif %}
              </ul>
              {% endif %}
              <p>{{ information.description }}</p>
              <a href="{{ information.href }}" class="btn btn-primary btn-xs" role="button">{{ text_read }}</a>
            </div>
          </div>
        </div>
        {% if column_left and column_right and (i + 1) % 2 == 0 %}
        <div class="clearfix visible-md visible-sm"></div>
        {% elseif column_left or column_right and (i + 1) % 3 == 0 %}
        <div class="clearfix visible-md"></div>
        {% elseif (i + 1) % 4 == 0 %}
        <div class="clearfix visible-md"></div>
        {% endif %}
        {% set i = i + 1 %}
        {% endfor %} </div>
        {% endif %}
        {% if products %}
          <h3 {% if informations %}class="mt-5"{% endif %}>{{ text_related_product }}</h3>
          <div class="carusel" >
            <div class="d-flex" id="carusel-slider-2">
              {% for product in products %}
                <div class="carusel-product">
                  <div class="product p-2 p-sm-3">
                    {% if product.product_xdstickers is not empty %}
                      <div class="product-stickers {{ xdstickers_position }}">
                        {% if product.product_xdstickers is not empty %}
                          {% for xdsticker in product.product_xdstickers %}
                            <span class="product-sticker {{xdsticker.id}}">{{xdsticker.text}}</span>
                          {% endfor %}
                        {% endif %}
                      </div>
                    {% elseif product.sale %}
                      <div class="product-stickers position_upleft">
                        <span class="product-sticker" style="background-color: var(--secondary);">
                          {{ icon_sale }} -{{ product.sale }}%
                        </span>
                      </div>
                    {% endif %}
                    <a href="{{ product.href }}" class="product-graphic">
                      <img src="{{ product.thumb }}" alt="{{ product.name }}" loading="lazy">
                    </a>
                    {% if theme_yoga_wishlist or theme_yoga_compare %}
                    <div class="product-control">
                      {% if theme_yoga_wishlist %}
                        <button class="btn-unstyled p-2" title="{{ button_wishlist }}" onclick="wishlist.add('{{ product.product_id }}');">{{ icon_wishlist }}</button>
                      {% endif %}
                      {% if theme_yoga_compare %}
                        <button class="btn-unstyled p-2" title="{{ button_compare }}" onclick="compare.add('{{ product.product_id }}');">{{ icon_compare }}</button>
                      {% endif %}
                    </div>
                    {% endif %}
                    <div class="product-info justify-content-between">
                      {% if product.stock %}<span class="product-info__instock mb-1">{{ product.stock }}</span>{% endif %}
                      <a href="{{ product.href }}" class="product-info__name mb-2 mb-sm-3">{{ product.name }}</a>
                      {% if product.price %}
                      <div class="product-price">
                        <span class="product-price__title">{{ text_price }}</span>
                        {% if not product.special %}
                          <span class="product-price__current">{{ product.price }}</span>
                        {% else %}
                          <span class="product-price__current">{{ product.special }}</span>
                          <span class="product-price__old ml-2">{{ product.price }}</span>
                        {% endif %}
                      </div>
                      {% endif %}
                    </div>
                    <div class="product-buttons">
                      <button class="btn btn-outline-primary product-addcart d-block w-100" type="button" onclick="cart.add('{{ product.product_id }}', '{{ product.minimum }}');">
                        {{ icon_cart }}<span>{{ button_cart }}</span>
                      </button>
                      {% if theme_yoga_oneclick %}
                        <button class="btn btn-unstyled py-2 d-flex align-items-center btn-oneclick font-size-90 border-none" type="button" onclick="oneclick.open('{{ product.product_id }}');">
                          <span class="d-none d-sm-block">{{ icon_oneclick }}</span>
                          <span class="ml-sm-2">{{ button_oneclick }}</span>
                        </button>
                      {% endif %}
                    </div>
                  </div>
                </div>        
              {% endfor %} 
            </div>
          </div>

          <script type="module">
                tns({
                  container: '#carusel-slider-2',
                  items: 2,
                  loop: false,
                  gutter: 16,
                  slideBy: 'page',
                  controlsPosition: 'top',
                  controlsText: ['<svg xmlns="http://www.w3.org/2000/svg" viewBox="0 0 477.175 477.175"><path d="M145.188 238.575l215.5-215.5c5.3-5.3 5.3-13.8 0-19.1s-13.8-5.3-19.1 0l-225.1 225.1c-5.3 5.3-5.3 13.8 0 19.1l225.1 225c2.6 2.6 6.1 4 9.5 4s6.9-1.3 9.5-4c5.3-5.3 5.3-13.8 0-19.1l-215.4-215.5z"/></svg>', '<svg xmlns="http://www.w3.org/2000/svg" viewBox="0 0 477.175 477.175"><path d="M360.731 229.075l-225.1-225.1c-5.3-5.3-13.8-5.3-19.1 0s-5.3 13.8 0 19.1l215.5 215.5-215.5 215.5c-5.3 5.3-5.3 13.8 0 19.1 2.6 2.6 6.1 4 9.5 4 3.4 0 6.9-1.3 9.5-4l225.1-225.1c5.3-5.2 5.3-13.8.1-19z"/></svg>'],
                  nav: false,
                  mouseDrag: true,
                  autoplay: false,
                  autoplayButtonOutput: false,
                  responsive: {
                    768: {
                      items: 3
                    },
                    992: {
                      items: 4
                    }
                  }
                });
              </script>

        {% endif %}
        ]]></add>
      </operation>
      <operation error="skip">
        <search><![CDATA[{{ footer }}]]></search>
        <add position="before"><![CDATA[
<script type="text/javascript"><!--
$('#review').delegate('.pagination a', 'click', function(e) {
    e.preventDefault();

    $('#review').fadeOut('slow');

    $('#review').load(this.href);

    $('#review').fadeIn('slow');
});

$('#review').load('index.php?route=information/information/review&information_id={{ information_id }}');

$('#button-review').on('click', function() {
	$.ajax({
		url: 'index.php?route=information/information/write&information_id={{ information_id }}',
		type: 'post',
		dataType: 'json',
		data: $("#form-review").serialize(),
		beforeSend: function() {
			$('#button-review').button('loading');
		},
		complete: function() {
			$('#button-review').button('reset');
		},
		success: function(json) {
			$('.alert-dismissible').remove();

			if (json['error']) {
				$('#review').after('<div class="alert alert-danger alert-dismissible"><i class="fa fa-exclamation-circle"></i> ' + json['error'] + '</div>');
			}

			if (json['success']) {
				$('#review').after('<div class="alert alert-success alert-dismissible"><i class="fa fa-check-circle"></i> ' + json['success'] + '</div>');

				$('input[name=\'name\']').val('');
				$('textarea[name=\'text\']').val('');
				$('input[name=\'rating\']:checked').prop('checked', false);
			}
		}
	});
});

$(document).ready(function() {
	$('.images').magnificPopup({
		type:'image',
		delegate: 'a',
		gallery: {
			enabled: true
		}
	});
});
//--></script> 
        ]]></add>
      </operation>
  </file>

  <!-- Product -->
  <file path="catalog/view/theme/yoga/template/product/product.twig">
      <operation error="skip">
        <search index="1"><![CDATA[{% if review_status %}]]></search>
        <add position="before"><![CDATA[
      {% if informations %}
    <div class="section py-5 mb-0">
      <div class="container">
        <h3>{{ text_related_information }}</h3>
        <div class="row"> {% set i = 0 %}
        {% for information in informations %}
          {% if column_left and column_right %}
            {% set class = 'col-xs-8 col-sm-6' %}
          {% elseif column_left or column_right %}
            {% set class = 'col-xs-6 col-md-4' %}
          {% else %}
            {% set class = 'col-xs-6 col-sm-3' %}
          {% endif %}
          <div class="{{ class }}">
            <div class="thumbnail">
              <div class="image"><a href="{{ information.href }}"><img src="{{ information.thumb }}" alt="{{ information.name }}" title="{{ information.name }}" class="img-responsive" /></a></div>
              <div class="caption">
                <h4><a href="{{ information.href }}">{{ information.title }}</a></h4>
                {% if show_related_author or show_related_date or show_related_review %}
                  <ul class="list-inline text-muted small">
                    {% if show_related_date %}
                      <li><i class="fa fa-calendar-o" aria-hidden="true"></i> {{ information.date_added }}</li>
                    {% endif %}
                    {% if show_related_author %}
                      <li><i class="fa fa-user-o" aria-hidden="true"></i> {{ information.author }}</li>
                    {% endif %}
                    {% if show_related_review %}
                      <li><i class="fa fa-comment-o" aria-hidden="true"></i> {{ information.reviews }}</li>
                    {% endif %}
                    {% if information.rating %}
                      <li class="rating">
                        {% for j in 1..5 %}
                          {% if information.rating < j %}
                            <span class="fa fa-stack"><i class="fa fa-star-o fa-stack-1x"></i></span>
                          {% else %}
                            <span class="fa fa-stack"><i class="fa fa-star fa-stack-1x"></i><i class="fa fa-star-o fa-stack-1x"></i></span>
                          {% endif %}
                        {% endfor %}
                      </li>
                    {% endif %}
                  </ul>
                {% endif %}
                <p>{{ information.description }}</p>
                <a href="{{ information.href }}" class="btn btn-primary btn-xs" role="button">{{ text_read }}</a>
              </div>
            </div>
          </div>
        {% if column_left and column_right and (i + 1) % 2 == 0 %}
        <div class="clearfix visible-md visible-sm"></div>
              {% elseif column_left or column_right and (i + 1) % 3 == 0 %}
                <div class="clearfix visible-md"></div>
              {% elseif (i + 1) % 4 == 0 %}
                <div class="clearfix visible-md"></div>
              {% endif %}
            {% set i = i + 1 %}
          {% endfor %}
        </div>
      </div>
    </div>
  {% endif %}
        ]]></add>
      </operation>
  </file>

  <!-- Review -->
  <file path="catalog/view/theme/yoga/template/product/review.twig">
      <operation error="skip">
        <search index="0"><![CDATA[{% endfor %}]]></search>
        <add position="after"><![CDATA[
      {% if review.reply %}
      <div class="well well-sm">{{ review.reply }}</div>
      {% endif %}
        ]]></add>
      </operation>
  </file>

  <!-- Information Sitemap -->
  <file path="catalog/view/theme/yoga/template/information/sitemap.twig">
      <operation error="skip">
        <search index="6"><![CDATA[</ul>]]></search>
        <add position="before"><![CDATA[
            {% for category_1 in information_categories %}
            <li><a href="{{ category_1.href }}">{{ category_1.name }}</a>
              {% if category_1.children %}
              <ul>
                {% for category_2 in category_1.children %}
                <li><a href="{{ category_2.href }}">{{ category_2.name }}</a>
                  {% if category_2.children %}
                  <ul>
                    {% for category_3 in category_2.children %}
                    <li><a href="{{ category_3.href }}">{{ category_3.name }}</a></li>
                    {% endfor %}
                  </ul>
                  {% endif %}
                </li>
                {% endfor %}
              </ul>
              {% endif %}
            </li>
            {% endfor %}
        ]]></add>
      </operation>
  </file>
  <file path="catalog/controller/extension/information/category.php">
    <operation error="skip">
      <search><![CDATA[$this->load->model('extension/module/optimblog_information');]]></search>
      <add position="after"><![CDATA[
          $this->load->language('common/icon');

					$this->document->addScript('catalog/view/javascript/jquery/magnific/jquery.magnific-popup.min.js');
					$this->document->addStyle('catalog/view/javascript/jquery/magnific/magnific-popup.css');

					$data['theme_yoga_category_list'] = $this->config->get('theme_yoga_category_list');
					$data['theme_yoga_wishlist'] = $this->config->get('theme_yoga_wishlist');
					$data['theme_yoga_compare'] = $this->config->get('theme_yoga_compare');
					$data['theme_yoga_oneclick'] = $this->config->get('module_yoga_oneclick_status');
					$data['theme_yoga_category_description_position'] = $this->config->get('theme_yoga_category_description_position');
      ]]></add>
    </operation>
  </file>
  <file path="catalog/controller/information/information.php">
    <operation error="skip">
      <search><![CDATA[
        $this->load->model('catalog/information');
      ]]></search>
      <add position="after"><![CDATA[
          $this->load->language('common/icon');

					$this->document->addScript('catalog/view/javascript/jquery/magnific/jquery.magnific-popup.min.js');
					$this->document->addStyle('catalog/view/javascript/jquery/magnific/magnific-popup.css');

					$data['theme_yoga_category_list'] = $this->config->get('theme_yoga_category_list');
					$data['theme_yoga_wishlist'] = $this->config->get('theme_yoga_wishlist');
					$data['theme_yoga_compare'] = $this->config->get('theme_yoga_compare');
					$data['theme_yoga_oneclick'] = $this->config->get('module_yoga_oneclick_status');
					$data['theme_yoga_category_description_position'] = $this->config->get('theme_yoga_category_description_position');

          $this->document->addScript('catalog/view/javascript/tiny-slider/tiny-slider.js');
					$this->document->addStyle('catalog/view/javascript/tiny-slider/tiny-slider.css');
      ]]></add>
    </operation>
  </file>
</modification>
